nan,nan,nan
nan,nan,nan
nan,nan,nan
nan,nan,nan
8.999569560539601662e+04,8.067300000000000000e+04,5.446650644133427704e+04
4.154430480840850942e+04,2.859800000000000000e+04,4.881124614710120659e+04
3.686346900604154507e+04,2.729100000000000000e+04,3.558164868655058672e+04
2.553196027451788541e+04,4.234886000000000422e+03,3.417549933326845348e+04
3.851520086071339756e+04,3.283400000000000000e+04,2.607066011608922781e+04
5.972375900024828297e+03,0.000000000000000000e+00,2.440048242527786715e+04
5.163839943060499536e+03,0.000000000000000000e+00,2.129784209692367222e+04
4.507572622693040103e+03,0.000000000000000000e+00,2.038713306628214559e+04
2.687477546966812952e+04,2.301400000000000000e+04,1.986626569377669875e+04
3.752336588595547255e+03,0.000000000000000000e+00,1.774216202656618043e+04
1.128026427700076238e+04,5.852818000000000211e+03,1.526843468430857138e+04
2.149395740676981222e+04,1.852472200000000157e+04,1.470711215684715171e+04
2.579654569063974577e+03,0.000000000000000000e+00,1.402366192342282557e+04
1.626561731358106408e+04,1.275400000000000000e+04,1.355223122834185233e+04
4.732080170404688033e+03,0.000000000000000000e+00,1.107578459781387028e+04
5.750137899031708002e+03,2.562864999999999782e+03,8.458480897609211752e+03
5.750135810643052537e+03,2.563000000000000000e+03,8.458478525283586350e+03
1.128815939750061989e+04,9.623000000000000000e+03,7.640874642706363375e+03
3.620758630886351966e+03,0.000000000000000000e+00,5.467372915469135478e+03
3.408650042373597444e+03,7.227960000000000491e+02,5.390830764643583279e+03
9.402981792627144387e+03,7.970631945000000087e+03,5.191886615099429946e+03
7.340824030456010405e+02,0.000000000000000000e+00,4.677967802904907330e+03
6.299518632707121469e+03,5.429250000000000000e+03,4.310408852559132356e+03
5.513069188943145491e+02,0.000000000000000000e+00,4.301963296519118558e+03
6.213772251096581840e+02,0.000000000000000000e+00,4.279817685909704778e+03
6.042000000000000000e+03,6.042000000000000000e+03,3.488061639363616450e+03
2.114774476537283761e+02,0.000000000000000000e+00,2.897822304387341774e+03
4.241701564181081267e+03,3.570000000000000000e+03,2.656296971272132396e+03
4.241696431432575991e+03,3.569722000000000207e+03,2.656295215135571198e+03
1.793681870396424642e+02,0.000000000000000000e+00,2.620028634850771141e+03
1.685269123562032064e+03,7.511250000000000000e+02,2.479039242173160801e+03
4.141375237937598285e+03,4.483000000000000000e+03,2.317663462678053293e+03
4.135146983365058077e+03,4.502000000000000000e+03,2.260450141254070786e+03
7.445392708764380529e+01,0.000000000000000000e+00,2.032370217313239436e+03
1.061183490441118920e+03,0.000000000000000000e+00,1.602395139225027378e+03
9.990181409418200928e+02,2.118389999999999986e+02,1.579962112665945142e+03
2.172352892493585841e+03,1.863000000000000000e+03,1.453682121468143123e+03
2.021674253082843734e+03,1.696000000000000000e+03,1.350810671162133076e+03
1.254239261772738473e+03,1.025000000000000000e+03,1.227898852348718492e+03
1.675956219481916833e+03,1.400000000000000000e+03,1.200769643454389097e+03
2.036554415294215005e+03,1.829000000000000000e+03,1.174754648313921052e+03
1.415406107754696677e+03,1.045000000000000000e+03,1.134612521509362523e+03
9.181305967061160800e+02,5.330000000000000000e+02,1.064506796758093515e+03
1.443503103533890680e+03,1.179000000000000000e+03,1.021706440488943258e+03
2.297617785318215766e+01,0.000000000000000000e+00,9.345740690879279100e+02
1.351783911280311258e+03,1.151000000000000000e+03,9.049938053385187686e+02
1.243170013572791049e+03,1.046196999999999889e+03,7.785156784328366939e+02
4.964133079533228283e+02,4.000000000000000000e+02,6.773744298226592946e+02
9.133079533228503522e+00,0.000000000000000000e+00,6.221714806392980108e+02
8.400806918811553032e+02,7.130000000000000000e+02,6.080800822569285629e+02
4.905986923777207380e+02,3.470000000000000000e+02,5.763337808239150490e+02
7.671021968881885869e+02,6.492540000000000191e+02,5.517567291883706275e+02
5.591800049656542342e+02,4.290000000000000000e+02,5.003901185589152760e+02
4.053087809318877817e+02,2.790000000000000000e+02,4.762065483913625599e+02
1.044680129107009918e+02,0.000000000000000000e+00,4.289385036029385674e+02
3.004260211040310082e+02,6.708199999999999363e+01,4.020414640055359996e+02
8.550475875196556785e+01,0.000000000000000000e+00,3.772546579226528820e+02
9.037810386493417525e+01,0.000000000000000000e+00,3.744513648749473873e+02
2.490915088140366151e+02,4.131300000000000239e+01,3.334188508227254033e+02
2.025388562443101819e+02,9.000000000000000000e+01,3.099765164391822623e+02
2.025379498468924737e+02,8.975799999999999557e+01,3.099737433861167801e+02
5.639900496565423538e+01,0.000000000000000000e+00,2.868802993882881651e+02
4.108400231730530550e+01,0.000000000000000000e+00,1.942620329881654300e+02
2.806154100802780818e+02,2.400000000000000000e+02,1.937143541355407876e+02
1.196127069436400490e+02,0.000000000000000000e+00,1.806215164207142720e+02
1.332544276255893294e+02,6.804300000000000637e+01,1.800627802508693094e+02
4.306380865679053471e+01,0.000000000000000000e+00,1.759372710574451162e+02
1.083895387734829967e+02,2.555000000000000071e+01,1.617687172568023186e+02
3.723349929653234369e+01,0.000000000000000000e+00,1.535652790814105231e+02
2.824434718199121619e+01,0.000000000000000000e+00,1.535475633907909412e+02
1.100508947281300323e+02,5.710000000000000142e+01,1.489600010949432374e+02
5.691814143838455209e+01,0.000000000000000000e+00,1.292096803151154916e+02
4.616637854837379962e+01,0.000000000000000000e+00,1.080562062979303448e+02
1.435728312505172788e+01,0.000000000000000000e+00,1.078601894591700585e+02
1.541439212116196416e+02,1.270000000000000000e+02,1.062770893639003447e+02
1.541420489116944168e+02,1.269939999999999998e+02,1.062751114580806728e+02
1.474931043614996717e+01,0.000000000000000000e+00,9.987000203840456436e+01
1.283016179756682185e+01,0.000000000000000000e+00,8.184429517613391170e+01
4.199039973516510926e+00,0.000000000000000000e+00,5.580514946979470636e+01
3.588800546221964538e+00,0.000000000000000000e+00,5.080847077394340516e+01
6.036212861044442768e+00,0.000000000000000000e+00,4.710127648966674485e+01
6.803276173135813565e+00,0.000000000000000000e+00,4.686184381275531763e+01
3.205081519490192932e+01,-2.000000000000000000e+00,3.845108415467799290e+01
3.120475047587519768e+01,-2.000000000000000000e+00,3.745901282628911844e+01
3.110651328312505015e+01,-2.000000000000000000e+00,3.736001754526855478e+01
1.259610775469667932e+00,0.000000000000000000e+00,3.389409954173493844e+01
5.293509062318957348e+00,0.000000000000000000e+00,3.373089482444451193e+01
4.486716874948274203e+00,-2.000000000000000000e+00,2.966134633149712485e+01
1.971062401721426795e+03,1.975000000000000000e+03,2.481688453317230270e+01
1.566663907969874980e+00,0.000000000000000000e+00,2.146988531690697855e+01
1.328726309691301788e+00,0.000000000000000000e+00,1.941247500891727995e+01
4.427187784490606570e-01,0.000000000000000000e+00,1.763403919404854037e+01
1.322602002813870747e+01,3.000000000000000000e+00,1.725875376688418683e+01
1.364785235454771239e+01,5.000000000000000000e+00,1.713602012176555078e+01
4.974137217578415715e+01,4.900000000000000000e+01,1.672136767899499077e+01
1.176313829347016515e+01,3.000000000000000000e+00,1.658490328428529992e+01
8.459654059422328842e+00,2.000000000000000000e+00,1.629448711882059442e+01
9.239510055449805748e+00,3.000000000000000000e+00,1.597886871654322505e+01
8.978730447736488429e+00,3.000000000000000000e+00,1.565966118113513872e+01
5.368830588430025808e-01,0.000000000000000000e+00,1.465420247224161798e+01
6.384714061077546887e+01,6.800000000000000000e+01,1.427825148629595020e+01
6.511528593892245453e+01,6.800000000000000000e+01,1.422978101629924019e+01
6.702954564263841064e+01,7.000000000000000000e+01,1.416984281037226623e+01
6.017793594306049876e+00,2.000000000000000000e+00,1.415134138503155903e+01
3.032111230654638945e+00,-2.000000000000000000e+00,1.241061908594189411e+01
2.389638334850616719e+00,-2.000000000000000000e+00,1.189983987646295738e+01
1.675080691881155326e-01,0.000000000000000000e+00,1.141142212003676981e+01
3.631606389141769142e+01,4.100000000000000000e+01,1.119264676268050174e+01
9.493172225440702050e+00,1.200000000000000000e+01,1.062857764745438338e+01
9.855168418439129718e-01,-2.000000000000000000e+00,9.502080622797848264e+00
1.050773814450053756e+01,1.000000000000000000e+01,8.778646732704936895e+00
2.178018703964247127e+00,-2.000000000000000000e+00,8.690090691132914102e+00
4.099809649921376753e+00,2.000000000000000000e+00,8.493059268874411316e+00
1.478366299759993296e+01,1.500000000000000000e+01,8.195485134202343147e+00
3.708516096995779221e-01,-2.000000000000000000e+00,8.089927477169167602e+00
6.810394769510883517e-01,-2.000000000000000000e+00,7.804460418795878596e+00
1.702391790118348014e-01,0.000000000000000000e+00,6.922436035538527044e+00
1.302739385914094150e+01,1.200000000000000000e+01,6.803796282181683530e+00
1.982438136224447689e+01,2.200000000000000000e+01,5.885914585112937303e+00
6.924687577588347409e+00,8.000000000000000000e+00,5.876712505419527943e+00
1.108747827526276541e+00,-2.000000000000000000e+00,5.699872484018950303e+00
6.769841926673839105e-02,0.000000000000000000e+00,4.609726202220392643e+00
-9.135148555822230065e-01,-2.000000000000000000e+00,4.409786343367248840e+00
-1.427046263345195687e+00,-2.000000000000000000e+00,4.273451600955983309e+00
2.929901514524538619e+00,4.000000000000000000e+00,4.230114610391798813e+00
-1.539187287925184222e+00,-2.000000000000000000e+00,3.925190060233321176e+00
7.682694695026069942e-01,-2.000000000000000000e+00,3.689863388315615556e+00
-1.652818008772655833e+00,-2.000000000000000000e+00,3.468573176355735921e+00
-1.645121244723992460e+00,-2.000000000000000000e+00,3.467853815883291002e+00
5.373086154100803036e+00,5.000000000000000000e+00,2.859247830438143900e+00
2.981461557560208586e+00,5.000000000000000000e+00,2.841474197968176796e+00
3.676156583629893060e+00,5.000000000000000000e+00,2.771973458459443762e+00
-1.066705288421749609e+00,-2.000000000000000000e+00,2.766211693296642071e+00
-9.294049491020441867e-01,0.000000000000000000e+00,2.707617242118347978e+00
-1.194322602002813927e+00,-2.000000000000000000e+00,2.628754008974846013e+00
5.351568319126045026e+00,5.000000000000000000e+00,2.624450030158736791e+00
2.952909045766779705e+00,5.000000000000000000e+00,2.533009832290572305e+00
2.396341968054291005e+00,2.000000000000000000e+00,2.532498662528488875e+00
-6.505834643714308863e-01,-2.000000000000000000e+00,2.467411757318200838e+00
-9.280807746420590698e-01,0.000000000000000000e+00,2.394276158057607073e+00
8.155259455433253590e-01,0.000000000000000000e+00,2.359760306159273568e+00
-6.850947612347927373e-01,-2.000000000000000000e+00,2.326505559714365123e+00
3.446164032111230568e+00,3.000000000000000000e+00,2.324956622699235975e+00
1.146238516924604767e-01,0.000000000000000000e+00,2.303508832040296550e+00
-7.072746834395431392e-01,-2.000000000000000000e+00,2.296156692968056579e+00
4.098319953653893899e-01,1.000000000000000000e+00,2.277389445468878115e+00
2.611520317801870217e+00,1.000000000000000000e+00,2.265328237325086480e+00
1.642638417611520296e+00,2.000000000000000000e+00,2.228243180744837293e+00
-1.339402466274931758e+00,-2.000000000000000000e+00,2.221886543782052748e+00
-4.116527352478688839e-01,-2.000000000000000000e+00,2.211719316150715375e+00
1.712488620375734572e+00,1.000000000000000000e+00,2.185117884560617618e+00
5.995282628486303445e+00,6.000000000000000000e+00,2.178812967273026757e+00
6.051477282131920710e-01,1.000000000000000000e+00,2.167854041562587319e+00
-1.213605892576346879e+00,-2.000000000000000000e+00,2.148768158918533899e+00
-8.463957626417280000e-01,-2.000000000000000000e+00,2.125206671392441571e+00
4.027724902755938530e+00,4.000000000000000000e+00,2.119490040882602511e+00
-1.755193246710254007e+00,-2.000000000000000000e+00,2.097906911479350267e+00
3.456426384176115363e+00,5.000000000000000000e+00,2.065624676520676051e+00
-2.326409004386327806e-01,-2.000000000000000000e+00,2.048712541116724850e+00
2.115948026152445482e+00,2.000000000000000000e+00,2.020268004951730312e+00
9.991723909625093158e-01,1.000000000000000000e+00,2.009947778095348969e+00
1.337333443681204992e+00,2.000000000000000000e+00,2.005393474185856562e+00
2.711247206819498601e+00,1.000000000000000000e+00,2.000859318508658724e+00
5.468840519738475958e-01,2.000000000000000000e+00,1.988133924790077112e+00
-2.859389224530332063e-01,-2.000000000000000000e+00,1.973235653492133590e+00
-3.878175949681370582e-01,-2.000000000000000000e+00,1.952016609728610685e+00
-4.104113216916328577e-01,-2.000000000000000000e+00,1.946222502424650447e+00
-1.717785318215674817e+00,-2.000000000000000000e+00,1.924238471844106790e+00
1.238434163701067625e+00,2.000000000000000000e+00,1.923731390423178311e+00
4.501365554911859745e-01,2.000000000000000000e+00,1.901808494652873049e+00
-8.144500537945874585e-01,-2.000000000000000000e+00,1.883602850163851983e+00
1.774393776380038146e+00,2.000000000000000000e+00,1.876272994647508074e+00
-1.351651080029793839e+00,-2.000000000000000000e+00,1.865076366691775567e+00
-3.485061656873292835e-01,-2.000000000000000000e+00,1.852846865662812759e+00
1.977157990565256984e+00,3.000000000000000000e+00,1.842505652586666764e+00
1.315898369610196128e-01,1.000000000000000000e+00,1.787400433903095331e+00
-6.605975337250682422e-01,-2.000000000000000000e+00,1.767105204355730486e+00
-4.546056442936357023e-01,-2.000000000000000000e+00,1.746583693107355062e+00
1.651493834312670606e+00,2.000000000000000000e+00,1.739404155892706028e+00
-7.244061905156004011e-01,-2.000000000000000000e+00,1.693131638673017081e+00
3.391459074733095935e+00,3.000000000000000000e+00,1.683674393036120209e+00
9.695439874203426456e-01,2.000000000000000000e+00,1.657277560929126148e+00
-1.161880327733178841e+00,-2.000000000000000000e+00,1.648931149820784370e+00
3.749565505255317177e+00,4.000000000000000000e+00,1.644126505818762407e+00
-1.281718116361830750e+00,-2.000000000000000000e+00,1.642536243412833885e+00
-9.559711992054953367e-01,-2.000000000000000000e+00,1.629676387415127659e+00
-1.097326822808905034e+00,-2.000000000000000000e+00,1.623850408086256580e+00
-1.409666473557891209e+00,-2.000000000000000000e+00,1.622744258573647125e+00
-1.414797649590333606e+00,-2.000000000000000000e+00,1.615457336703326474e+00
-3.657204336671356359e-01,0.000000000000000000e+00,1.600372417026573624e+00
-9.796408176777290366e-01,-2.000000000000000000e+00,1.593430599157437788e+00
-1.456591905983613433e+00,-2.000000000000000000e+00,1.593352450445284507e+00
-1.330050484151287016e+00,-2.000000000000000000e+00,1.589029641205244481e+00
-1.133079533228502855e+00,-2.000000000000000000e+00,1.579738257714467631e+00
-3.524786890672846340e-01,1.000000000000000000e+00,1.576376156331343870e+00
-4.383845071588181597e-01,1.000000000000000000e+00,1.567507037876975318e+00
-1.194736406521559324e+00,-2.000000000000000000e+00,1.565074021940496163e+00
7.196060580981544774e-01,1.000000000000000000e+00,1.551510793501533980e+00
-1.512041711495489549e-01,0.000000000000000000e+00,1.551263390393019082e+00
-4.423570305387735102e-01,1.000000000000000000e+00,1.541948454976076466e+00
6.691963916245965649e+00,7.000000000000000000e+00,1.535248613604656143e+00
-1.189687991392865962e+00,-2.000000000000000000e+00,1.534001380491229805e+00
-1.588843830174625493e+00,-2.000000000000000000e+00,1.527950740119493611e+00
-1.557642969461226601e+00,-2.000000000000000000e+00,1.524404949600354220e+00
2.665645948853761382e+00,2.000000000000000000e+00,1.515600947809992327e+00
2.738889348671687429e+00,3.000000000000000000e+00,1.512758395123918076e+00
-7.813456922949598704e-01,-2.000000000000000000e+00,1.508296329752084164e+00
-6.968468095671604967e-01,-2.000000000000000000e+00,1.503961770344439008e+00
-1.444177770421253060e+00,-2.000000000000000000e+00,1.503206259254446397e+00
-9.196391624596540471e-01,-2.000000000000000000e+00,1.493259694759492495e+00
-1.278655962923115064e-01,1.000000000000000000e+00,1.491775783801360111e+00
-1.417859803029049015e+00,-2.000000000000000000e+00,1.491603186980268392e+00
-1.771000579326326152e+00,-2.000000000000000000e+00,1.490552293430659869e+00
-1.653976661425142769e+00,-2.000000000000000000e+00,1.488522015979661495e+00
-5.205660845816436483e-02,1.000000000000000000e+00,1.487130824548599239e+00
-1.357940908714723172e+00,-2.000000000000000000e+00,1.486703615822136948e+00
6.999917239096250521e-01,1.000000000000000000e+00,1.485271283970612144e+00
-1.657700902093850737e-01,1.000000000000000000e+00,1.454059732374727743e+00
-1.180749813787966618e+00,-2.000000000000000000e+00,1.447335930801520565e+00
-1.334354051146238618e+00,-2.000000000000000000e+00,1.445045920356962776e+00
-1.498468923280642295e+00,-2.000000000000000000e+00,1.442739219599734612e+00
-2.305718778449060702e-01,1.000000000000000000e+00,1.434596550876145127e+00
-1.345195729537366658e+00,-2.000000000000000000e+00,1.423522510536526120e+00
-1.084250600016552157e+00,-2.000000000000000000e+00,1.419535754604894340e+00
-7.835802366961847065e-01,-2.000000000000000000e+00,1.412253580991127189e+00
-1.024497227509724384e+00,-2.000000000000000000e+00,1.407665986885488385e+00
-1.433501613837623090e+00,-2.000000000000000000e+00,1.398125941703234565e+00
3.186625837954150331e+00,3.000000000000000000e+00,1.397854811703263200e+00
-1.048249606885707230e+00,-2.000000000000000000e+00,1.374592111949978213e+00
2.588181742944632990e+00,2.000000000000000000e+00,1.367224688161367663e+00
3.146569560539601018e-01,1.000000000000000000e+00,1.362400304673760720e+00
7.921046097823388754e-01,1.000000000000000000e+00,1.360701156447352567e+00
2.601009683025738539e+00,3.000000000000000000e+00,1.349515614126838736e+00
-1.710254075974509735e+00,-2.000000000000000000e+00,1.348568765691336768e+00
-9.958619548125465792e-01,-2.000000000000000000e+00,1.335222178195108356e+00
3.045601257965737108e-01,1.000000000000000000e+00,1.333529767846796110e+00
-1.651245551601423500e+00,-2.000000000000000000e+00,1.332074562332612233e+00
5.760158900935198334e-01,1.000000000000000000e+00,1.331844062773087201e+00
7.004882893321194848e-01,1.000000000000000000e+00,1.328301645660007413e+00
-1.269635024414466518e+00,-2.000000000000000000e+00,1.323634904144094904e+00
-1.339071422659935395e+00,-2.000000000000000000e+00,1.315239094539688347e+00
-9.813787966564594401e-01,-2.000000000000000000e+00,1.313065955009721897e+00
-1.243068774311015368e+00,-2.000000000000000000e+00,1.303967646744539799e+00
-1.286352726971778493e+00,-2.000000000000000000e+00,1.289740119490561554e+00
1.511958950591740569e+00,1.000000000000000000e+00,1.289091929018316041e+00
-6.638252089712819437e-01,0.000000000000000000e+00,1.285537875933433716e+00
-4.902755938094843779e-01,0.000000000000000000e+00,1.284093358326604095e+00
-1.477613175535876788e+00,-2.000000000000000000e+00,1.282128907892947867e+00
3.265000413804518775e+00,3.000000000000000000e+00,1.278598811090381426e+00
-1.854754613920384099e+00,-2.000000000000000000e+00,1.278165892318119834e+00
-1.015641810808574075e+00,-2.000000000000000000e+00,1.273363751140099920e+00
-1.418687412066539810e+00,-2.000000000000000000e+00,1.271569196568860916e+00
2.189025904162873459e+00,2.000000000000000000e+00,1.267116194635261373e+00
6.516593561201687868e-01,1.000000000000000000e+00,1.251493661257837120e+00
3.206819498468923335e+00,3.000000000000000000e+00,1.251272895661140083e+00
1.721178515269386811e+00,2.000000000000000000e+00,1.251123815528673022e+00
-1.406273276504179437e+00,-2.000000000000000000e+00,1.242126722789712812e+00
-5.123727551104858557e-01,0.000000000000000000e+00,1.237998757285954099e+00
-1.469585367872217274e+00,-2.000000000000000000e+00,1.234942332319855174e+00
-3.566994951584871038e-02,0.000000000000000000e+00,1.233200484735014202e+00
2.354547711661011400e-01,0.000000000000000000e+00,1.229756419155284997e+00
3.077050401390383216e-01,1.000000000000000000e+00,1.229245566521454114e+00
4.417777042125299869e-01,0.000000000000000000e+00,1.228768732959614862e+00
-1.525200695191591516e+00,-2.000000000000000000e+00,1.227868765610828694e+00
-1.116941156997434348e+00,-2.000000000000000000e+00,1.225260424941023274e+00
-1.212364479020110908e+00,-2.000000000000000000e+00,1.224899361033726652e+00
-1.826450384838202323e+00,-2.000000000000000000e+00,1.224561274527196097e+00
-1.171480592568070911e+00,-2.000000000000000000e+00,1.224413450848162777e+00
-1.213440370768848808e+00,-2.000000000000000000e+00,1.223393906103095174e+00
2.773069601920052918e+00,3.000000000000000000e+00,1.217603673746132653e+00
-1.183729206322932992e+00,-2.000000000000000000e+00,1.207514649900593984e+00
-1.261524455847057746e+00,-2.000000000000000000e+00,1.202413595227119103e+00
-1.689067284614748088e+00,-2.000000000000000000e+00,1.201836775612526775e+00
3.017214267979806408e+00,3.000000000000000000e+00,1.196024319565358374e+00
-1.830505669121906820e+00,-2.000000000000000000e+00,1.193754458444559186e+00
-8.497889596954398828e-01,0.000000000000000000e+00,1.193598159863993979e+00
2.659604402880079377e+00,2.000000000000000000e+00,1.192577978011450268e+00
1.386741703219399158e+00,1.000000000000000000e+00,1.191703367621127940e+00
-1.692543242572208895e+00,-2.000000000000000000e+00,1.187286725248571484e+00
-1.895307456757427733e+00,-2.000000000000000000e+00,1.177198047892749733e+00
-1.844078457336754129e+00,-2.000000000000000000e+00,1.167019113095492111e+00
-6.306380865679053760e-02,0.000000000000000000e+00,1.160893636845000243e+00
-9.701233137465861134e-01,-2.000000000000000000e+00,1.159405171737581286e+00
2.979558056773980113e+00,3.000000000000000000e+00,1.158681713022714721e+00
-1.829843581891914261e-01,0.000000000000000000e+00,1.158126977854187833e+00
2.375237937598278712e-02,0.000000000000000000e+00,1.149439088534090381e+00
-1.688901762807249796e+00,-2.000000000000000000e+00,1.148985343641816259e+00
-2.102954564263841697e-01,0.000000000000000000e+00,1.141580524949906472e+00
1.442191508731275329e+00,1.000000000000000000e+00,1.141425789082587849e+00
-7.686832740213522808e-01,0.000000000000000000e+00,1.127275384797857383e+00
-1.741372175784159593e+00,-2.000000000000000000e+00,1.120216962163156138e+00
-1.492510138210709325e+00,-2.000000000000000000e+00,1.118563952363362368e+00
-6.587767938425888037e-01,0.000000000000000000e+00,1.102168707768155453e+00
-1.255234627162128636e+00,-2.000000000000000000e+00,1.100993675531620752e+00
-1.507738144500538002e+00,-2.000000000000000000e+00,1.100887308628332395e+00
-1.015310767193577712e+00,-2.000000000000000000e+00,1.099689132755459209e+00
-1.818174294463295482e+00,-2.000000000000000000e+00,1.096650567265244236e+00
-2.822146817843250791e-02,0.000000000000000000e+00,1.092940657850005604e+00
-1.474054456674666946e+00,-2.000000000000000000e+00,1.089270996050157647e+00
2.273442025986923687e-01,0.000000000000000000e+00,1.078806751419073562e+00
-1.033931970537118161e+00,-2.000000000000000000e+00,1.073562117270167704e+00
-1.039394190184556921e+00,-2.000000000000000000e+00,1.065714988680977582e+00
-8.168501200033104204e-02,0.000000000000000000e+00,1.065448144134960140e+00
-1.041628734585781757e+00,-2.000000000000000000e+00,1.062480001963669540e+00
-1.698667549449639935e+00,-2.000000000000000000e+00,1.061770453783660084e+00
-8.797484068526027767e-02,0.000000000000000000e+00,1.052832719984573950e+00
-1.830422908218157785e+00,-2.000000000000000000e+00,1.046448241410522284e+00
-1.449226185549946200e+00,-2.000000000000000000e+00,1.044075448298317443e+00
-5.564843168087395542e-01,0.000000000000000000e+00,1.042988890570136995e+00
2.628320781262931227e+00,3.000000000000000000e+00,1.042099364605582057e+00
-1.867913597616485955e-01,0.000000000000000000e+00,1.029057749968264490e+00
-1.154928411818257006e+00,-2.000000000000000000e+00,1.025293542708222594e+00
-1.068443267400480012e+00,-2.000000000000000000e+00,1.022481602191165129e+00
-1.554249772407514663e-01,0.000000000000000000e+00,1.021741307883257122e+00
-1.161135479599437303e+00,-2.000000000000000000e+00,1.019598937319724286e+00
2.253786311346519800e-01,0.000000000000000000e+00,1.019356653314134054e+00
-1.306380865679053205e+00,-2.000000000000000000e+00,1.014411507827614134e+00
-1.790863196226102794e+00,-2.000000000000000000e+00,1.011090994173547974e+00
-1.150045518497061936e+00,-2.000000000000000000e+00,1.009799189587241131e+00
-1.171728875279318016e+00,-2.000000000000000000e+00,1.002135540795261903e+00
-1.081602251096581924e+00,-2.000000000000000000e+00,1.002006601375176942e+00
-1.886120996441281172e-01,0.000000000000000000e+00,9.996752358891339840e-01
-7.528759414052801358e-01,0.000000000000000000e+00,9.939021047263496556e-01
8.615410080278076976e-02,0.000000000000000000e+00,9.929534725327769928e-01
-1.915645948853761382e+00,-2.000000000000000000e+00,9.913799053874339240e-01
-1.372755110485806451e+00,-2.000000000000000000e+00,9.896890829305088344e-01
-1.595712985185798294e+00,-2.000000000000000000e+00,9.879710994628239096e-01
-1.762972771662666638e+00,-2.000000000000000000e+00,9.847447668813896771e-01
-1.602002813870727405e+00,-2.000000000000000000e+00,9.806128442303357895e-01
-4.868823967557725507e-01,0.000000000000000000e+00,9.794998301325451573e-01
-6.074650335181660532e-01,0.000000000000000000e+00,9.760521840175988562e-01
-1.899611023752379335e+00,-2.000000000000000000e+00,9.660815676140027675e-01
-3.561201688322436221e-01,0.000000000000000000e+00,9.652839712775835856e-01
2.081353968385334596e+00,2.000000000000000000e+00,9.647013873661237637e-01
3.563684515434908384e-01,0.000000000000000000e+00,9.639482249529595093e-01
1.729951171066788085e+00,2.000000000000000000e+00,9.597472817997045880e-01
-1.699081353968385333e+00,-2.000000000000000000e+00,9.521298949404367606e-01
-2.986013407266407405e-01,0.000000000000000000e+00,9.449222842131449474e-01
-1.771993710171315017e+00,-2.000000000000000000e+00,9.428265198443550599e-01
-1.878920797815112120e+00,-2.000000000000000000e+00,9.402342690039863227e-01
-1.394107423653066391e+00,-2.000000000000000000e+00,9.365918928726852943e-01
-1.659190598361334201e+00,-2.000000000000000000e+00,9.358531637447210505e-01
-1.865927335926508279e+00,-2.000000000000000000e+00,9.327641813318274799e-01
-1.415211454109078781e+00,-2.000000000000000000e+00,9.326347137484104488e-01
-3.138293470164694177e-01,0.000000000000000000e+00,9.318390518473849138e-01
-1.760820988165190837e+00,-2.000000000000000000e+00,9.309866431653085472e-01
-4.709095423322022800e-01,0.000000000000000000e+00,9.300862277086857643e-01
-3.250848299263427998e-01,0.000000000000000000e+00,9.218878717275903467e-01
-1.473475130348423479e+00,-2.000000000000000000e+00,9.169903877840147599e-01
-1.679218737068608691e+00,-2.000000000000000000e+00,9.149304487959969423e-01
-1.866341140445253677e+00,-2.000000000000000000e+00,9.144096866552422487e-01
-3.343540511462385068e-01,0.000000000000000000e+00,9.135072752578512478e-01
-4.957378134569229711e-01,0.000000000000000000e+00,9.034555535371383561e-01
3.307705040139038211e+00,4.000000000000000000e+00,9.032458531985134709e-01
-1.510634776131755341e+00,-2.000000000000000000e+00,8.902993363600262278e-01
-1.485723744103285560e+00,-2.000000000000000000e+00,8.901554209778871352e-01
-1.487792766697012325e+00,-2.000000000000000000e+00,8.855254813154820326e-01
-1.780104278738723789e+00,-2.000000000000000000e+00,8.659531098338000277e-01
-1.752793180501531101e+00,-2.000000000000000000e+00,8.658506582679734720e-01
6.735082347099230482e-01,1.000000000000000000e+00,8.635726228346407574e-01
-1.678887693453612551e+00,-2.000000000000000000e+00,8.603606777320605969e-01
-3.910452702143507597e-01,0.000000000000000000e+00,8.583009676341758487e-01
-1.758917487378962141e+00,-2.000000000000000000e+00,8.575010241105474051e-01
-1.527600761400314422e+00,-2.000000000000000000e+00,8.528954800163344174e-01
-4.185218902590416290e-01,0.000000000000000000e+00,8.288303576293448716e-01
8.628651824877927590e-01,1.000000000000000000e+00,8.241858194299060969e-01
-1.917156335347181884e+00,-2.000000000000000000e+00,8.159257270091957448e-01
-1.898783414714888762e+00,-2.000000000000000000e+00,8.157805967135426384e-01
2.518000496565422353e+00,3.000000000000000000e+00,8.098558499658634613e-01
2.264090043863279167e+00,2.000000000000000000e+00,8.040846166171627951e-01
4.879582885045104512e-01,0.000000000000000000e+00,8.015439629675991107e-01
-1.801456591905983506e+00,-2.000000000000000000e+00,7.845173971741408181e-01
-1.882479516676322184e+00,-2.000000000000000000e+00,7.702745782528801488e-01
-1.810891334933377506e+00,-2.000000000000000000e+00,7.635713392530220078e-01
-1.814532814698336605e+00,-2.000000000000000000e+00,7.606654568506021619e-01
1.855168418439129274e+00,2.000000000000000000e+00,7.562558610952238025e-01
1.402383514027973233e+00,1.000000000000000000e+00,7.546710375870885334e-01
3.531242241165273743e+00,4.000000000000000000e+00,7.516681800374789280e-01
1.672101299346188785e+00,2.000000000000000000e+00,7.406827168445723197e-01
-1.843499131010510661e+00,-2.000000000000000000e+00,7.394633165919893836e-01
1.019779855996027385e+00,1.000000000000000000e+00,7.370652169410156773e-01
-1.928246296449557251e+00,-2.000000000000000000e+00,7.325892729707556006e-01
-1.900935198212364563e+00,-2.000000000000000000e+00,6.999851875485262331e-01
-1.753869072250269001e+00,-2.000000000000000000e+00,6.767565214290112152e-01
3.449474468261193305e-01,0.000000000000000000e+00,6.766496568085839103e-01
-1.754200115865265142e+00,-2.000000000000000000e+00,6.756530335727353176e-01
-1.889514193494993055e+00,-2.000000000000000000e+00,6.730467491449204642e-01
-1.756931225688984632e+00,-2.000000000000000000e+00,6.664732752729329857e-01
3.136638252089712919e-01,0.000000000000000000e+00,6.608683744867444032e-01
-1.922287511379624281e+00,-2.000000000000000000e+00,6.599168058276112525e-01
3.029049077215923425e-01,0.000000000000000000e+00,6.577398444919250187e-01
1.939915583878175920e-01,0.000000000000000000e+00,6.519207982812201818e-01
1.247041297690970829e+00,1.000000000000000000e+00,6.473535354684132326e-01
7.303649755855333714e-01,1.000000000000000000e+00,6.468385860908630880e-01
-1.843168087395514299e+00,-2.000000000000000000e+00,6.433923998270308919e-01
-1.876934536125134390e+00,-2.000000000000000000e+00,6.351195020311465322e-01
-1.920797815112140983e+00,-2.000000000000000000e+00,6.214997830980057980e-01
-1.958371265414218243e+00,-2.000000000000000000e+00,6.179513227865713887e-01
-1.910700984854754703e+00,-2.000000000000000000e+00,6.150372539050010801e-01
-1.910121658528511235e+00,-2.000000000000000000e+00,6.102921588653715812e-01
-1.927253165604568386e+00,-2.000000000000000000e+00,6.077553038497363058e-01
-1.831912604485641083e+00,-2.000000000000000000e+00,6.056107834769228759e-01
-1.935943060498220625e+00,-2.000000000000000000e+00,5.898826943131939560e-01
1.572126127617313518e+00,2.000000000000000000e+00,5.853385430213520202e-01
-1.840602499379293322e+00,-2.000000000000000000e+00,5.777324286093887817e-01
1.242241165273524767e-01,0.000000000000000000e+00,5.746830986141886477e-01
4.887858975420011354e-01,1.000000000000000000e+00,5.686527292075831408e-01
-1.897624762062401826e+00,-2.000000000000000000e+00,5.637657455271468665e-01
-1.916990813539683813e+00,-2.000000000000000000e+00,5.540952832171140985e-01
-1.946205412563105197e+00,-2.000000000000000000e+00,5.528460830457110342e-01
-1.892659107837457499e+00,-2.000000000000000000e+00,5.506520224491874282e-01
-1.917818422577174609e+00,-2.000000000000000000e+00,5.503223866585842394e-01
-1.892245303318712324e+00,-2.000000000000000000e+00,5.492920051639503809e-01
-1.949598609616816969e+00,-2.000000000000000000e+00,5.487344127197236743e-01
-1.986427211785152691e+00,-2.000000000000000000e+00,5.446066289205067079e-01
6.128444922618554447e-01,1.000000000000000000e+00,5.305284565112184936e-01
1.265496979227013208e+00,1.000000000000000000e+00,5.152869329242522056e-01
4.593230158073326186e-02,0.000000000000000000e+00,5.150637860349915886e-01
3.077878010427874123e-01,0.000000000000000000e+00,5.076862797008510064e-01
2.414135562360341103e-01,0.000000000000000000e+00,5.065814185603793041e-01
-1.883886452040056225e+00,-2.000000000000000000e+00,5.042312640132374790e-01
2.361996192998427613e-01,0.000000000000000000e+00,5.038859411331217952e-01
-1.925184143010841620e+00,-2.000000000000000000e+00,5.009604666689024821e-01
5.038483820243316869e-01,1.000000000000000000e+00,4.999851897364535613e-01
5.093106016717702245e-01,1.000000000000000000e+00,4.999133051805303429e-01
5.286766531490524335e-01,1.000000000000000000e+00,4.991769721893971612e-01
1.470247455102209777e+00,1.000000000000000000e+00,4.991140010779905878e-01
4.685922370272283533e-01,0.000000000000000000e+00,4.990125774217131771e-01
1.338078291814946530e+00,1.000000000000000000e+00,4.972780480607664200e-01
4.474054456674667057e-01,0.000000000000000000e+00,4.972261184356240316e-01
4.320946784738889379e-01,0.000000000000000000e+00,4.953674063848830800e-01
4.313498303401472889e-01,0.000000000000000000e+00,4.952647314373063159e-01
5.694777786973433953e-01,1.000000000000000000e+00,4.951493090647155482e-01
5.942232889183149958e-01,1.000000000000000000e+00,4.910417210638942098e-01
3.983282297442687914e-01,0.000000000000000000e+00,4.895537265030969754e-01
3.949350326905569641e-01,0.000000000000000000e+00,4.888367341396098187e-01
6.106099478606306086e-01,1.000000000000000000e+00,4.876119763031633303e-01
6.109409914756268600e-01,1.000000000000000000e+00,4.875367641629018145e-01
6.202102126955226780e-01,1.000000000000000000e+00,4.853344256939790546e-01
-1.961681701564180980e+00,-2.000000000000000000e+00,4.847469546228018733e-01
3.421335760986509711e-01,0.000000000000000000e+00,4.842653562170312065e-01
2.012745179177356514e-01,0.000000000000000000e+00,4.839987281842259570e-01
7.373996524042042422e-02,0.000000000000000000e+00,4.838958915716611298e-01
3.699412397583381473e-01,0.000000000000000000e+00,4.827884825515119105e-01
-1.929404949102044187e+00,-2.000000000000000000e+00,4.821383324781161606e-01
6.337830009103699869e-01,1.000000000000000000e+00,4.817697672824739485e-01
6.347761317553587412e-01,1.000000000000000000e+00,4.814928808498441515e-01
6.369279152528345422e-01,1.000000000000000000e+00,4.808853772204957355e-01
3.627410411321691508e-01,0.000000000000000000e+00,4.807909922310543149e-01
3.592650831747082885e-01,0.000000000000000000e+00,4.797850385184431188e-01
3.477613175535876899e-01,0.000000000000000000e+00,4.762597857965482073e-01
-1.899693784656128370e+00,-2.000000000000000000e+00,4.720464450806498014e-01
-8.276090374906893560e-04,0.000000000000000000e+00,4.697231998298098676e-01
-1.951171066788049302e+00,-2.000000000000000000e+00,4.668246577264669739e-01
1.655218074981378851e-01,0.000000000000000000e+00,4.600174140941682976e-01
2.968633617479102815e-01,0.000000000000000000e+00,4.568758104777018714e-01
2.952081436729289132e-01,0.000000000000000000e+00,4.561362686545764045e-01
1.517834974757924227e-01,0.000000000000000000e+00,4.497076271301234107e-01
1.567491517007365831e-01,0.000000000000000000e+00,4.431718813859376049e-01
-1.975916577009021013e+00,-2.000000000000000000e+00,4.282493173037802414e-01
2.353720102623520771e-01,0.000000000000000000e+00,4.242311009902928753e-01
7.667797732351236961e-01,1.000000000000000000e+00,4.228812511717412459e-01
2.311512041711495380e-01,0.000000000000000000e+00,4.215688852149807042e-01
2.280062898286849271e-01,0.000000000000000000e+00,4.195466858733015725e-01
2.246958536787221627e-01,0.000000000000000000e+00,4.173818719330489868e-01
-1.955391872879251869e+00,-2.000000000000000000e+00,4.157931031373255926e-01
-4.940825953819415889e-02,0.000000000000000000e+00,4.118479607618448224e-01
7.836629975999337416e-01,1.000000000000000000e+00,4.117466500077436309e-01
-5.139452122817181334e-02,0.000000000000000000e+00,4.091848731222799129e-01
-5.321526111065132819e-02,0.000000000000000000e+00,4.067198708039019284e-01
2.045021931639493529e-01,0.000000000000000000e+00,4.033373850204037825e-01
-1.965074898617892973e+00,-2.000000000000000000e+00,4.006183261149514063e-01
8.047670280559463540e-01,1.000000000000000000e+00,3.963799422397384364e-01
-1.978730447736489317e+00,-2.000000000000000000e+00,3.956577315793239902e-01
1.938260365803194663e-01,0.000000000000000000e+00,3.952941994563878847e-01
-6.256724323429611878e-02,0.000000000000000000e+00,3.936829628930237912e-01
-6.331209136803774007e-02,0.000000000000000000e+00,3.926164364249774552e-01
-6.670528842174956730e-02,0.000000000000000000e+00,3.877025851182246963e-01
-6.728461474799304898e-02,0.000000000000000000e+00,3.868544226226705574e-01
-1.955640155590498974e+00,-2.000000000000000000e+00,3.868464551630755310e-01
-6.778118017048746780e-02,0.000000000000000000e+00,3.861252515398591600e-01
-1.967640486634113950e+00,-2.000000000000000000e+00,3.853593322722626002e-01
-6.893983282297443116e-02,0.000000000000000000e+00,3.844159791943013715e-01
8.226433832657452649e-01,1.000000000000000000e+00,3.819702177327609083e-01
8.226433832657452649e-01,1.000000000000000000e+00,3.819702177327609083e-01
-7.183646445419183957e-02,0.000000000000000000e+00,3.800937204861349894e-01
8.303401473144086387e-01,1.000000000000000000e+00,3.753337009546635628e-01
-1.962674832409169845e+00,-2.000000000000000000e+00,3.686558980730651469e-01
-1.952164197633038167e+00,-2.000000000000000000e+00,3.648404782166686511e-01
1.525283456095340440e-01,0.000000000000000000e+00,3.595322647484791023e-01
1.512869320532980177e-01,0.000000000000000000e+00,3.583283358083856340e-01
1.491351485558222167e-01,0.000000000000000000e+00,3.562216389006377937e-01
1.386245137796904836e-01,0.000000000000000000e+00,3.455542764300015279e-01
1.385417528759413930e-01,0.000000000000000000e+00,3.454677055616410253e-01
1.341554249772407559e-01,0.000000000000000000e+00,3.408192291030614496e-01
1.049408259538194138e-01,0.000000000000000000e+00,3.328835732906362810e-01
1.233137465861127158e-01,0.000000000000000000e+00,3.323022295952838823e-01
1.249689646610940980e-01,0.000000000000000000e+00,3.306837197876671963e-01
9.111975502772490243e-01,1.000000000000000000e+00,3.297335868631942613e-01
1.240585947198543371e-01,0.000000000000000000e+00,3.296483881289278273e-01
1.186791359761648623e-01,0.000000000000000000e+00,3.234105728947581637e-01
1.147893734999586163e-01,0.000000000000000000e+00,3.187675849760039370e-01
-1.969212943805346283e+00,-2.000000000000000000e+00,3.183467201098590382e-01
1.065960440288007960e-01,0.000000000000000000e+00,3.085989750893600170e-01
-1.964495572291649506e+00,-2.000000000000000000e+00,3.063196272209837145e-01
1.045270214350740717e-01,0.000000000000000000e+00,3.059430064979182240e-01
1.925432425722088947e+00,2.000000000000000000e+00,3.019721400211430873e-01
9.749234461640321481e-02,0.000000000000000000e+00,2.966270172415287898e-01
9.749234461640321481e-02,0.000000000000000000e+00,2.966270172415287898e-01
9.749234461640321481e-02,0.000000000000000000e+00,2.966270172415287898e-01
9.749234461640321481e-02,0.000000000000000000e+00,2.966270172415287898e-01
9.749234461640321481e-02,0.000000000000000000e+00,2.966270172415287898e-01
9.749234461640321481e-02,0.000000000000000000e+00,2.966270172415287898e-01
9.203012496896466332e-02,0.000000000000000000e+00,2.890684712436938919e-01
1.065629396673011708e+00,1.000000000000000000e+00,2.881068130878371991e-01
-1.975751055201522721e+00,-2.000000000000000000e+00,2.841935204425179995e-01
-1.988744517090126562e+00,-2.000000000000000000e+00,2.822318644635428142e-01
8.689894893652239105e-02,0.000000000000000000e+00,2.816869212623108742e-01
8.640238351402797223e-02,0.000000000000000000e+00,2.809573128379806994e-01
5.048415128693205071e-03,0.000000000000000000e+00,2.802045880469687944e-01
8.516096995779194601e-02,0.000000000000000000e+00,2.791210833198496943e-01
-1.993544649507572597e+00,-2.000000000000000000e+00,2.755591371950216195e-01
8.110568567408756036e-02,0.000000000000000000e+00,2.729973505831810865e-01
-1.968716378382851850e+00,-2.000000000000000000e+00,2.702028552221220625e-01
7.754696681287759352e-02,0.000000000000000000e+00,2.674573512749106041e-01
7.481585698915832472e-02,0.000000000000000000e+00,2.630939842188513289e-01
7.440205247041298264e-02,0.000000000000000000e+00,2.624240596031414685e-01
7.340892162542414501e-02,0.000000000000000000e+00,2.608065410437324094e-01
7.191922535794090243e-02,0.000000000000000000e+00,2.583541181824718369e-01
7.109161632045021828e-02,0.000000000000000000e+00,2.569778169597760065e-01
-1.985516841843912861e+00,-2.000000000000000000e+00,2.521882132859689651e-01
6.753289745924025145e-02,0.000000000000000000e+00,2.509426333248272467e-01
6.711909294049490937e-02,0.000000000000000000e+00,2.502281365141564295e-01
9.990068691550111346e-01,1.000000000000000000e+00,2.400012556227162364e-01
-1.988330712571381387e+00,-2.000000000000000000e+00,2.388547931725833740e-01
5.900852437308615195e-02,0.000000000000000000e+00,2.356406552876751381e-01
5.743606720185384651e-02,0.000000000000000000e+00,2.326739465136560547e-01
1.018207398824795273e+00,1.000000000000000000e+00,2.272495064515176744e-01
-1.989903169742613498e+00,-2.000000000000000000e+00,2.237211695184374016e-01
-1.989572126127617357e+00,-2.000000000000000000e+00,2.225933550130128058e-01
4.874617230820160740e-02,0.000000000000000000e+00,2.153369057860196611e-01
4.634610609947860393e-02,0.000000000000000000e+00,2.102335476295121020e-01
4.154597368203261087e-02,0.000000000000000000e+00,1.995492564577823202e-01
4.121493006703633166e-02,0.000000000000000000e+00,1.987869704145697747e-01
-1.991641148721344123e+00,-2.000000000000000000e+00,1.976765971950678602e-01
-1.992882562277580094e+00,-2.000000000000000000e+00,1.975157934187335429e-01
-1.991972192336340264e+00,-2.000000000000000000e+00,1.955859216302177905e-01
9.613506579491848392e-01,1.000000000000000000e+00,1.927578024616891650e-01
3.840105933956798612e-02,0.000000000000000000e+00,1.921624780782532627e-01
3.815277662832078365e-02,0.000000000000000000e+00,1.915649818308846064e-01
3.715964578333195295e-02,0.000000000000000000e+00,1.891528654517124486e-01
9.630886369279152426e-01,1.000000000000000000e+00,1.885441973338222721e-01
-1.985930646362658258e+00,-2.000000000000000000e+00,1.867958149365994969e-01
3.542166680460150791e-02,0.000000000000000000e+00,1.848431019145244381e-01
3.269055698088223216e-02,0.000000000000000000e+00,1.846746099972301769e-01
3.360092692212198612e-02,0.000000000000000000e+00,1.801996243949757492e-01
2.797318546718530197e-02,0.000000000000000000e+00,1.648959864945374609e-01
2.797318546718530197e-02,0.000000000000000000e+00,1.648959864945372389e-01
2.648348919970205939e-02,0.000000000000000000e+00,1.605680977016039346e-01
2.532483654721509603e-02,0.000000000000000000e+00,1.571097998250607364e-01
2.515931473971695642e-02,0.000000000000000000e+00,1.566088235749972801e-01
2.499379293221882029e-02,0.000000000000000000e+00,1.561060640945153288e-01
2.358685756848464751e-02,0.000000000000000000e+00,1.517580894665253033e-01
2.325581395348837177e-02,0.000000000000000000e+00,1.507148999629811248e-01
2.267648762724489009e-02,0.000000000000000000e+00,1.488699584742725068e-01
2.259372672349582029e-02,0.000000000000000000e+00,1.486043412428963151e-01
2.234544401224861435e-02,0.000000000000000000e+00,1.478043475143394070e-01
1.944881238103120247e-02,0.000000000000000000e+00,1.380961841543836555e-01
1.812463792104609950e-02,0.000000000000000000e+00,1.334021567339803149e-01
-1.996192998427542831e+00,-2.000000000000000000e+00,1.298796793337491096e-01
1.671770255731192673e-02,0.000000000000000000e+00,1.282116257541240645e-01
1.671770255731192673e-02,0.000000000000000000e+00,1.282116257541238979e-01
1.630389803856658118e-02,0.000000000000000000e+00,1.266415451078814203e-01
1.539352809732682202e-02,0.000000000000000000e+00,1.231120115587369945e-01
1.522800628982868415e-02,0.000000000000000000e+00,1.224586220494990746e-01
1.497972357858147821e-02,0.000000000000000000e+00,1.214715253057048056e-01
1.440039725233799479e-02,0.000000000000000000e+00,1.191344862385145670e-01
1.440039725233799479e-02,0.000000000000000000e+00,1.191344862385139286e-01
1.398659273359265098e-02,0.000000000000000000e+00,1.174349520257833845e-01
1.373831002234544331e-02,0.000000000000000000e+00,1.164026153489639143e-01
1.373831002234544331e-02,0.000000000000000000e+00,1.164026153489625404e-01
1.357278821484730544e-02,0.000000000000000000e+00,1.157089781949762058e-01
1.324174459985102970e-02,0.000000000000000000e+00,1.143083583986856944e-01
1.307622279235289182e-02,0.000000000000000000e+00,1.136012112164119098e-01
1.266241827360754801e-02,0.000000000000000000e+00,1.118127069570734600e-01
1.266241827360754801e-02,0.000000000000000000e+00,1.118127069570725024e-01
1.216585285111313440e-02,0.000000000000000000e+00,1.096259315833527231e-01
1.200033104361499653e-02,0.000000000000000000e+00,1.088867443652224848e-01
1.200033104361499653e-02,0.000000000000000000e+00,1.088867443652224015e-01
1.150376562112058292e-02,0.000000000000000000e+00,1.066369026071885412e-01
1.150376562112058292e-02,0.000000000000000000e+00,1.066369026071885273e-01
1.133824381362244504e-02,0.000000000000000000e+00,1.058758142393467078e-01
1.133824381362244504e-02,0.000000000000000000e+00,1.058758142393460555e-01
1.084167839112803143e-02,0.000000000000000000e+00,1.035574063058273542e-01
1.067615658362989356e-02,0.000000000000000000e+00,1.027724489551138931e-01
1.051063477613175569e-02,0.000000000000000000e+00,1.019811812676040819e-01
1.042787387238268589e-02,0.000000000000000000e+00,1.015831350120954407e-01
1.034511296863361782e-02,0.000000000000000000e+00,1.011834552004517718e-01
1.009683025738641014e-02,0.000000000000000000e+00,9.997441810852915334e-02
9.931308449888272272e-03,0.000000000000000000e+00,9.915985862414149199e-02
9.600264834891996529e-03,0.000000000000000000e+00,9.750948543598314533e-02
9.351982123644790590e-03,0.000000000000000000e+00,9.625238986126229135e-02
9.351982123644790590e-03,0.000000000000000000e+00,9.625238986126209706e-02
9.103699412397582916e-03,0.000000000000000000e+00,9.497800834617098342e-02
9.020938508648514847e-03,0.000000000000000000e+00,9.454925265211429342e-02
8.938177604899445045e-03,0.000000000000000000e+00,9.411847101395116877e-02
8.441612182405031431e-03,0.000000000000000000e+00,9.148962436347345129e-02
8.276090374906893560e-03,0.000000000000000000e+00,9.059578744628847546e-02
7.862285856161549749e-03,0.000000000000000000e+00,8.832027127040742442e-02
7.696764048663411011e-03,0.000000000000000000e+00,8.739292804250557711e-02
7.531242241165273139e-03,0.000000000000000000e+00,8.645532159137470085e-02
7.448481337416204204e-03,0.000000000000000000e+00,8.598256487906580370e-02
-1.998096499213771304e+00,-2.000000000000000000e+00,8.580266381893006389e-02
7.365720433667135268e-03,0.000000000000000000e+00,8.550711430143395630e-02
6.289828684929239105e-03,0.000000000000000000e+00,7.905862849837924644e-02
6.207067781180170170e-03,0.000000000000000000e+00,7.854005405358266412e-02
6.124306877431101234e-03,0.000000000000000000e+00,7.801794500435328683e-02
5.876024166183894427e-03,0.000000000000000000e+00,7.642968341018979705e-02
5.876024166183894427e-03,0.000000000000000000e+00,7.642968341018763212e-02
5.876024166183894427e-03,0.000000000000000000e+00,7.642968341018598066e-02
5.876024166183894427e-03,0.000000000000000000e+00,7.642968341018499534e-02
5.793263262434825492e-03,0.000000000000000000e+00,7.589269637592485629e-02
5.793263262434825492e-03,0.000000000000000000e+00,7.589269637592396811e-02
5.710502358685756556e-03,0.000000000000000000e+00,7.535179176037204440e-02
5.627741454936687621e-03,0.000000000000000000e+00,7.480688458325873702e-02
5.544980551187618685e-03,0.000000000000000000e+00,7.425788673182033561e-02
5.379458743689480814e-03,0.000000000000000000e+00,7.314724989577955916e-02
5.379458743689480814e-03,0.000000000000000000e+00,7.314724989577810199e-02
5.213936936191342943e-03,0.000000000000000000e+00,7.201910717174607457e-02
5.213936936191342943e-03,0.000000000000000000e+00,7.201910717174442311e-02
5.048415128693205071e-03,0.000000000000000000e+00,7.087262259420763766e-02
4.965654224944136136e-03,0.000000000000000000e+00,7.029222220887243466e-02
4.882893321195067200e-03,0.000000000000000000e+00,6.970689115151895709e-02
4.882893321195067200e-03,0.000000000000000000e+00,6.970689115151766646e-02
4.800132417445998265e-03,0.000000000000000000e+00,6.911650415220296773e-02
4.717371513696929329e-03,0.000000000000000000e+00,6.852093052270877283e-02
4.551849706198791458e-03,0.000000000000000000e+00,6.731367149734494848e-02
4.551849706198791458e-03,0.000000000000000000e+00,6.731367149734145128e-02
4.386327898700653587e-03,0.000000000000000000e+00,6.608394681211836319e-02
4.138045187453446780e-03,0.000000000000000000e+00,6.419440606065716926e-02
3.972523379955308909e-03,0.000000000000000000e+00,6.290264253552305118e-02
3.889762476206239973e-03,0.000000000000000000e+00,6.224654387261408656e-02
3.889762476206239973e-03,0.000000000000000000e+00,6.224654387261264327e-02
3.889762476206239973e-03,0.000000000000000000e+00,6.224654387261193550e-02
3.807001572457171037e-03,0.000000000000000000e+00,6.158334443243608514e-02
3.807001572457171037e-03,0.000000000000000000e+00,6.158334443243363571e-02
3.807001572457171037e-03,0.000000000000000000e+00,6.158334443243333733e-02
3.724240668708102102e-03,0.000000000000000000e+00,6.091281228238601408e-02
3.641479764959033166e-03,0.000000000000000000e+00,6.023470253998133156e-02
-1.998924108251262100e+00,-2.000000000000000000e+00,5.964529585939293277e-02
3.558718861209964231e-03,0.000000000000000000e+00,5.954875633693992865e-02
3.558718861209964231e-03,0.000000000000000000e+00,5.954875633693967885e-02
3.310436149962757424e-03,0.000000000000000000e+00,5.744107556844066376e-02
3.310436149962757424e-03,0.000000000000000000e+00,5.744107556844026824e-02
3.227675246213688488e-03,0.000000000000000000e+00,5.672087233742584278e-02
3.227675246213688488e-03,0.000000000000000000e+00,5.672087233742575257e-02
3.144914342464619553e-03,0.000000000000000000e+00,5.599128375241211458e-02
3.144914342464619553e-03,0.000000000000000000e+00,5.599128375240824962e-02
3.062153438715550617e-03,0.000000000000000000e+00,5.525193802061435788e-02
3.062153438715550617e-03,0.000000000000000000e+00,5.525193802061417053e-02
-1.999006869155011135e+00,-2.000000000000000000e+00,5.457477646396192289e-02
2.979392534966481682e-03,0.000000000000000000e+00,5.450243806554913584e-02
2.896631631217412746e-03,0.000000000000000000e+00,5.374235905141000469e-02
2.896631631217412746e-03,0.000000000000000000e+00,5.374235905140934549e-02
2.813870727468343810e-03,0.000000000000000000e+00,5.297124558660796373e-02
2.731109823719274875e-03,0.000000000000000000e+00,5.218860855445541652e-02
2.731109823719274875e-03,0.000000000000000000e+00,5.218860855445512509e-02
2.731109823719274875e-03,0.000000000000000000e+00,5.218860855445464630e-02
2.731109823719274875e-03,0.000000000000000000e+00,5.218860855445149605e-02
2.648348919970205939e-03,0.000000000000000000e+00,5.139392150797500447e-02
2.648348919970205939e-03,0.000000000000000000e+00,5.139392150797355424e-02
2.648348919970205939e-03,0.000000000000000000e+00,5.139392150797347791e-02
2.648348919970205939e-03,0.000000000000000000e+00,5.139392150797202075e-02
2.565588016221137004e-03,0.000000000000000000e+00,5.058661655371676780e-02
2.565588016221137004e-03,0.000000000000000000e+00,5.058661655371598370e-02
2.482827112472068068e-03,0.000000000000000000e+00,4.976607963263113971e-02
2.482827112472068068e-03,0.000000000000000000e+00,4.976607963263057766e-02
2.400066208722999132e-03,0.000000000000000000e+00,4.893164508696091347e-02
2.234544401224861261e-03,0.000000000000000000e+00,4.721812377196049626e-02
2.234544401224861261e-03,0.000000000000000000e+00,4.721812377195899052e-02
2.234544401224861261e-03,0.000000000000000000e+00,4.721812377195847704e-02
2.151783497475792326e-03,0.000000000000000000e+00,4.633738582674230139e-02
2.151783497475792326e-03,0.000000000000000000e+00,4.633738582674184342e-02
2.151783497475792326e-03,0.000000000000000000e+00,4.633738582674117729e-02
2.069022593726723390e-03,0.000000000000000000e+00,4.543942934537852085e-02
1.986261689977654454e-03,0.000000000000000000e+00,4.452321253545430541e-02
1.986261689977654454e-03,0.000000000000000000e+00,4.452321253545424989e-02
1.986261689977654454e-03,0.000000000000000000e+00,4.452321253545103719e-02
1.903500786228585519e-03,0.000000000000000000e+00,4.358758390855882459e-02
1.903500786228585519e-03,0.000000000000000000e+00,4.358758390855794335e-02
1.903500786228585519e-03,0.000000000000000000e+00,4.358758390855625720e-02
1.903500786228585519e-03,0.000000000000000000e+00,4.358758390855595188e-02
1.820739882479516583e-03,0.000000000000000000e+00,4.263126539009075983e-02
1.820739882479516583e-03,0.000000000000000000e+00,4.263126539009065574e-02
1.820739882479516583e-03,0.000000000000000000e+00,4.263126539009041982e-02
1.820739882479516583e-03,0.000000000000000000e+00,4.263126539008940674e-02
1.737978978730447648e-03,0.000000000000000000e+00,4.165283193013333968e-02
1.737978978730447648e-03,0.000000000000000000e+00,4.165283193013217394e-02
1.737978978730447648e-03,0.000000000000000000e+00,4.165283193013212537e-02
1.655218074981378712e-03,0.000000000000000000e+00,4.065068668676458802e-02
1.572457171232309776e-03,0.000000000000000000e+00,3.962303054634567362e-02
1.489696267483240841e-03,0.000000000000000000e+00,3.856782431657319876e-02
1.406935363734171905e-03,0.000000000000000000e+00,3.748274131672735265e-02
1.406935363734171905e-03,0.000000000000000000e+00,3.748274131672702653e-02
1.406935363734171905e-03,0.000000000000000000e+00,3.748274131672667958e-02
1.406935363734171905e-03,0.000000000000000000e+00,3.748274131672667958e-02
1.324174459985102970e-03,0.000000000000000000e+00,3.636510720436443578e-02
1.324174459985102970e-03,0.000000000000000000e+00,3.636510720436270799e-02
1.324174459985102970e-03,0.000000000000000000e+00,3.636510720436262473e-02
1.324174459985102970e-03,0.000000000000000000e+00,3.636510720436240962e-02
1.241413556236034034e-03,0.000000000000000000e+00,3.521182256883064604e-02
1.241413556236034034e-03,0.000000000000000000e+00,3.521182256882953582e-02
1.241413556236034034e-03,0.000000000000000000e+00,3.521182256882951500e-02
1.241413556236034034e-03,0.000000000000000000e+00,3.521182256882838396e-02
1.158652652486965098e-03,0.000000000000000000e+00,3.401926184557361316e-02
1.158652652486965098e-03,0.000000000000000000e+00,3.401926184557351601e-02
1.158652652486965098e-03,0.000000000000000000e+00,3.401926184557348132e-02
1.158652652486965098e-03,0.000000000000000000e+00,3.401926184557271110e-02
1.158652652486965098e-03,0.000000000000000000e+00,3.401926184557238497e-02
1.158652652486965098e-03,0.000000000000000000e+00,3.401926184557099719e-02
1.075891748737896163e-03,0.000000000000000000e+00,3.278313904559862491e-02
1.075891748737896163e-03,0.000000000000000000e+00,3.278313904559843062e-02
1.075891748737896163e-03,0.000000000000000000e+00,3.278313904559802816e-02
9.931308449888272272e-04,0.000000000000000000e+00,3.149832592557135630e-02
9.931308449888272272e-04,0.000000000000000000e+00,3.149832592557065547e-02
9.931308449888272272e-04,0.000000000000000000e+00,3.149832592557062078e-02
9.931308449888272272e-04,0.000000000000000000e+00,3.149832592557061384e-02
9.931308449888272272e-04,0.000000000000000000e+00,3.149832592557035016e-02
9.931308449888272272e-04,0.000000000000000000e+00,3.149832592556993383e-02
9.931308449888272272e-04,0.000000000000000000e+00,3.149832592556932320e-02
9.931308449888272272e-04,0.000000000000000000e+00,3.149832592556932320e-02
9.931308449888272272e-04,0.000000000000000000e+00,3.149832592556853911e-02
9.931308449888272272e-04,0.000000000000000000e+00,3.149832592556824074e-02
9.103699412397582916e-04,0.000000000000000000e+00,3.015860022962265838e-02
9.103699412397582916e-04,0.000000000000000000e+00,3.015860022962181530e-02
9.103699412397582916e-04,0.000000000000000000e+00,3.015860022962127754e-02
9.103699412397582916e-04,0.000000000000000000e+00,3.015860022962103468e-02
9.103699412397582916e-04,0.000000000000000000e+00,3.015860022962081263e-02
9.103699412397582916e-04,0.000000000000000000e+00,3.015860022962080916e-02
9.103699412397582916e-04,0.000000000000000000e+00,3.015860022962050732e-02
9.103699412397582916e-04,0.000000000000000000e+00,3.015860022961961567e-02
8.276090374906893560e-04,0.000000000000000000e+00,2.875628802143493853e-02
8.276090374906893560e-04,0.000000000000000000e+00,2.875628802143482404e-02
8.276090374906893560e-04,0.000000000000000000e+00,2.875628802143481710e-02
8.276090374906893560e-04,0.000000000000000000e+00,2.875628802143480670e-02
7.448481337416204204e-04,0.000000000000000000e+00,2.728173995549485614e-02
7.448481337416204204e-04,0.000000000000000000e+00,2.728173995549369735e-02
7.448481337416204204e-04,0.000000000000000000e+00,2.728173995549340591e-02
7.448481337416204204e-04,0.000000000000000000e+00,2.728173995549324979e-02
7.448481337416204204e-04,0.000000000000000000e+00,2.728173995549319081e-02
7.448481337416204204e-04,0.000000000000000000e+00,2.728173995549278835e-02
7.448481337416204204e-04,0.000000000000000000e+00,2.728173995549271549e-02
7.448481337416204204e-04,0.000000000000000000e+00,2.728173995549254896e-02
7.448481337416204204e-04,0.000000000000000000e+00,2.728173995549254896e-02
7.448481337416204204e-04,0.000000000000000000e+00,2.728173995549254896e-02
7.448481337416204204e-04,0.000000000000000000e+00,2.728173995549236855e-02
7.448481337416204204e-04,0.000000000000000000e+00,2.728173995549218814e-02
7.448481337416204204e-04,0.000000000000000000e+00,2.728173995549205630e-02
6.620872299925514848e-04,0.000000000000000000e+00,2.572253623755614213e-02
6.620872299925514848e-04,0.000000000000000000e+00,2.572253623755570498e-02
6.620872299925514848e-04,0.000000000000000000e+00,2.572253623755567375e-02
6.620872299925514848e-04,0.000000000000000000e+00,2.572253623755548294e-02
6.620872299925514848e-04,0.000000000000000000e+00,2.572253623755539620e-02
6.620872299925514848e-04,0.000000000000000000e+00,2.572253623755523314e-02
6.620872299925514848e-04,0.000000000000000000e+00,2.572253623755509436e-02
6.620872299925514848e-04,0.000000000000000000e+00,2.572253623755507354e-02
6.620872299925514848e-04,0.000000000000000000e+00,2.572253623755409516e-02
6.620872299925514848e-04,0.000000000000000000e+00,2.572253623755383495e-02
6.620872299925514848e-04,0.000000000000000000e+00,2.572253623755362678e-02
6.620872299925514848e-04,0.000000000000000000e+00,2.572253623755304391e-02
6.620872299925514848e-04,0.000000000000000000e+00,2.572253623755303004e-02
6.620872299925514848e-04,0.000000000000000000e+00,2.572253623755260329e-02
6.620872299925514848e-04,0.000000000000000000e+00,2.572253623755251656e-02
5.793263262434825492e-04,0.000000000000000000e+00,2.406222573352632954e-02
5.793263262434825492e-04,0.000000000000000000e+00,2.406222573352632954e-02
5.793263262434825492e-04,0.000000000000000000e+00,2.406222573352625668e-02
5.793263262434825492e-04,0.000000000000000000e+00,2.406222573352624627e-02
5.793263262434825492e-04,0.000000000000000000e+00,2.406222573352554198e-02
5.793263262434825492e-04,0.000000000000000000e+00,2.406222573352551769e-02
5.793263262434825492e-04,0.000000000000000000e+00,2.406222573352537891e-02
5.793263262434825492e-04,0.000000000000000000e+00,2.406222573352511176e-02
5.793263262434825492e-04,0.000000000000000000e+00,2.406222573352507360e-02
5.793263262434825492e-04,0.000000000000000000e+00,2.406222573352502156e-02
5.793263262434825492e-04,0.000000000000000000e+00,2.406222573352494523e-02
5.793263262434825492e-04,0.000000000000000000e+00,2.406222573352493829e-02
5.793263262434825492e-04,0.000000000000000000e+00,2.406222573352492095e-02
5.793263262434825492e-04,0.000000000000000000e+00,2.406222573352490707e-02
5.793263262434825492e-04,0.000000000000000000e+00,2.406222573352486543e-02
5.793263262434825492e-04,0.000000000000000000e+00,2.406222573352481686e-02
5.793263262434825492e-04,0.000000000000000000e+00,2.406222573352468849e-02
4.965654224944136136e-04,0.000000000000000000e+00,2.227821458904860261e-02
4.965654224944136136e-04,0.000000000000000000e+00,2.227821458904820015e-02
4.965654224944136136e-04,0.000000000000000000e+00,2.227821458904819321e-02
4.965654224944136136e-04,0.000000000000000000e+00,2.227821458904796770e-02
4.965654224944136136e-04,0.000000000000000000e+00,2.227821458904792259e-02
4.965654224944136136e-04,0.000000000000000000e+00,2.227821458904755136e-02
4.965654224944136136e-04,0.000000000000000000e+00,2.227821458904702748e-02
4.965654224944136136e-04,0.000000000000000000e+00,2.227821458904665278e-02
4.965654224944136136e-04,0.000000000000000000e+00,2.227821458904655216e-02
4.965654224944136136e-04,0.000000000000000000e+00,2.227821458904615665e-02
4.965654224944136136e-04,0.000000000000000000e+00,2.227821458904550439e-02
4.965654224944136136e-04,0.000000000000000000e+00,2.227821458904544541e-02
4.965654224944136136e-04,0.000000000000000000e+00,2.227821458904453988e-02
4.138045187453446780e-04,0.000000000000000000e+00,2.033797641275070581e-02
4.138045187453446780e-04,0.000000000000000000e+00,2.033797641275069887e-02
4.138045187453446780e-04,0.000000000000000000e+00,2.033797641275066764e-02
4.138045187453446780e-04,0.000000000000000000e+00,2.033797641275066764e-02
4.138045187453446780e-04,0.000000000000000000e+00,2.033797641275066417e-02
4.138045187453446780e-04,0.000000000000000000e+00,2.033797641275066417e-02
4.138045187453446780e-04,0.000000000000000000e+00,2.033797641275065377e-02
4.138045187453446780e-04,0.000000000000000000e+00,2.033797641275065030e-02
4.138045187453446780e-04,0.000000000000000000e+00,2.033797641275065030e-02
4.138045187453446780e-04,0.000000000000000000e+00,2.033797641275063989e-02
4.138045187453446780e-04,0.000000000000000000e+00,2.033797641275063989e-02
4.138045187453446780e-04,0.000000000000000000e+00,2.033797641275063642e-02
4.138045187453446780e-04,0.000000000000000000e+00,2.033797641275063295e-02
4.138045187453446780e-04,0.000000000000000000e+00,2.033797641275063295e-02
4.138045187453446780e-04,0.000000000000000000e+00,2.033797641275063295e-02
3.310436149962757424e-04,0.000000000000000000e+00,1.819159215465266516e-02
3.310436149962757424e-04,0.000000000000000000e+00,1.819159215465266516e-02
3.310436149962757424e-04,0.000000000000000000e+00,1.819159215465266516e-02
3.310436149962757424e-04,0.000000000000000000e+00,1.819159215465266516e-02
3.310436149962757424e-04,0.000000000000000000e+00,1.819159215465247434e-02
3.310436149962757424e-04,0.000000000000000000e+00,1.819159215465232515e-02
3.310436149962757424e-04,0.000000000000000000e+00,1.819159215465228699e-02
3.310436149962757424e-04,0.000000000000000000e+00,1.819159215465226617e-02
3.310436149962757424e-04,0.000000000000000000e+00,1.819159215465219331e-02
3.310436149962757424e-04,0.000000000000000000e+00,1.819159215465209964e-02
3.310436149962757424e-04,0.000000000000000000e+00,1.819159215465204760e-02
3.310436149962757424e-04,0.000000000000000000e+00,1.819159215465199902e-02
3.310436149962757424e-04,0.000000000000000000e+00,1.819159215465181861e-02
3.310436149962757424e-04,0.000000000000000000e+00,1.819159215465145432e-02
3.310436149962757424e-04,0.000000000000000000e+00,1.819159215465135718e-02
2.482827112472068068e-04,0.000000000000000000e+00,1.575503306700927822e-02
2.482827112472068068e-04,0.000000000000000000e+00,1.575503306700906311e-02
2.482827112472068068e-04,0.000000000000000000e+00,1.575503306700887229e-02
2.482827112472068068e-04,0.000000000000000000e+00,1.575503306700879944e-02
2.482827112472068068e-04,0.000000000000000000e+00,1.575503306700878556e-02
2.482827112472068068e-04,0.000000000000000000e+00,1.575503306700877168e-02
2.482827112472068068e-04,0.000000000000000000e+00,1.575503306700873699e-02
2.482827112472068068e-04,0.000000000000000000e+00,1.575503306700855657e-02
2.482827112472068068e-04,0.000000000000000000e+00,1.575503306700850453e-02
2.482827112472068068e-04,0.000000000000000000e+00,1.575503306700842474e-02
2.482827112472068068e-04,0.000000000000000000e+00,1.575503306700842127e-02
2.482827112472068068e-04,0.000000000000000000e+00,1.575503306700842127e-02
2.482827112472068068e-04,0.000000000000000000e+00,1.575503306700842127e-02
2.482827112472068068e-04,0.000000000000000000e+00,1.575503306700834841e-02
2.482827112472068068e-04,0.000000000000000000e+00,1.575503306700834494e-02
2.482827112472068068e-04,0.000000000000000000e+00,1.575503306700827208e-02
2.482827112472068068e-04,0.000000000000000000e+00,1.575503306700802575e-02
2.482827112472068068e-04,0.000000000000000000e+00,1.575503306700801881e-02
2.482827112472068068e-04,0.000000000000000000e+00,1.575503306700797718e-02
2.482827112472068068e-04,0.000000000000000000e+00,1.575503306700796330e-02
2.482827112472068068e-04,0.000000000000000000e+00,1.575503306700795636e-02
2.482827112472068068e-04,0.000000000000000000e+00,1.575503306700761982e-02
1.655218074981378712e-04,0.000000000000000000e+00,1.286446306805610722e-02
1.655218074981378712e-04,0.000000000000000000e+00,1.286446306805584701e-02
1.655218074981378712e-04,0.000000000000000000e+00,1.286446306805582793e-02
1.655218074981378712e-04,0.000000000000000000e+00,1.286446306805582793e-02
1.655218074981378712e-04,0.000000000000000000e+00,1.286446306805577762e-02
1.655218074981378712e-04,0.000000000000000000e+00,1.286446306805571864e-02
1.655218074981378712e-04,0.000000000000000000e+00,1.286446306805569088e-02
1.655218074981378712e-04,0.000000000000000000e+00,1.286446306805565272e-02
1.655218074981378712e-04,0.000000000000000000e+00,1.286446306805562323e-02
1.655218074981378712e-04,0.000000000000000000e+00,1.286446306805560762e-02
1.655218074981378712e-04,0.000000000000000000e+00,1.286446306805555384e-02
1.655218074981378712e-04,0.000000000000000000e+00,1.286446306805550353e-02
1.655218074981378712e-04,0.000000000000000000e+00,1.286446306805549659e-02
1.655218074981378712e-04,0.000000000000000000e+00,1.286446306805547578e-02
1.655218074981378712e-04,0.000000000000000000e+00,1.286446306805547578e-02
1.655218074981378712e-04,0.000000000000000000e+00,1.286446306805541680e-02
1.655218074981378712e-04,0.000000000000000000e+00,1.286446306805540292e-02
1.655218074981378712e-04,0.000000000000000000e+00,1.286446306805540292e-02
1.655218074981378712e-04,0.000000000000000000e+00,1.286446306805540292e-02
8.276090374906893560e-05,0.000000000000000000e+00,9.096925545582938699e-03
8.276090374906893560e-05,0.000000000000000000e+00,9.096925545582935230e-03
8.276090374906893560e-05,0.000000000000000000e+00,9.096925545582935230e-03
8.276090374906893560e-05,0.000000000000000000e+00,9.096925545582895331e-03
8.276090374906893560e-05,0.000000000000000000e+00,9.096925545582862371e-03
8.276090374906893560e-05,0.000000000000000000e+00,9.096925545582860637e-03
8.276090374906893560e-05,0.000000000000000000e+00,9.096925545582841555e-03
8.276090374906893560e-05,0.000000000000000000e+00,9.096925545582841555e-03
8.276090374906893560e-05,0.000000000000000000e+00,9.096925545582817269e-03
8.276090374906893560e-05,0.000000000000000000e+00,9.096925545582817269e-03
8.276090374906893560e-05,0.000000000000000000e+00,9.096925545582817269e-03
8.276090374906893560e-05,0.000000000000000000e+00,9.096925545582815534e-03
9.999172390962509649e-01,1.000000000000000000e+00,9.096925545582805125e-03
8.276090374906893560e-05,0.000000000000000000e+00,9.096925545582803391e-03
8.276090374906893560e-05,0.000000000000000000e+00,9.096925545582796452e-03
8.276090374906893560e-05,0.000000000000000000e+00,9.096925545582787778e-03
8.276090374906893560e-05,0.000000000000000000e+00,9.096925545582768696e-03
8.276090374906893560e-05,0.000000000000000000e+00,9.096925545582766962e-03
8.276090374906893560e-05,0.000000000000000000e+00,9.096925545582760023e-03
8.276090374906893560e-05,0.000000000000000000e+00,9.096925545582751349e-03
8.276090374906893560e-05,0.000000000000000000e+00,9.096925545582725328e-03
8.276090374906893560e-05,0.000000000000000000e+00,9.096925545582725328e-03
0.000000000000000000e+00,0.000000000000000000e+00,0.000000000000000000e+00
0.000000000000000000e+00,0.000000000000000000e+00,0.000000000000000000e+00
0.000000000000000000e+00,0.000000000000000000e+00,0.000000000000000000e+00
0.000000000000000000e+00,0.000000000000000000e+00,0.000000000000000000e+00
0.000000000000000000e+00,0.000000000000000000e+00,0.000000000000000000e+00
0.000000000000000000e+00,0.000000000000000000e+00,0.000000000000000000e+00
0.000000000000000000e+00,0.000000000000000000e+00,0.000000000000000000e+00
0.000000000000000000e+00,0.000000000000000000e+00,0.000000000000000000e+00
0.000000000000000000e+00,0.000000000000000000e+00,0.000000000000000000e+00
1.000000000000000000e+00,1.000000000000000000e+00,0.000000000000000000e+00
0.000000000000000000e+00,0.000000000000000000e+00,0.000000000000000000e+00
0.000000000000000000e+00,0.000000000000000000e+00,0.000000000000000000e+00
0.000000000000000000e+00,0.000000000000000000e+00,0.000000000000000000e+00
0.000000000000000000e+00,0.000000000000000000e+00,0.000000000000000000e+00
0.000000000000000000e+00,0.000000000000000000e+00,0.000000000000000000e+00
0.000000000000000000e+00,0.000000000000000000e+00,0.000000000000000000e+00
0.000000000000000000e+00,0.000000000000000000e+00,0.000000000000000000e+00
0.000000000000000000e+00,0.000000000000000000e+00,0.000000000000000000e+00
0.000000000000000000e+00,0.000000000000000000e+00,0.000000000000000000e+00
0.000000000000000000e+00,0.000000000000000000e+00,0.000000000000000000e+00
0.000000000000000000e+00,0.000000000000000000e+00,0.000000000000000000e+00
0.000000000000000000e+00,0.000000000000000000e+00,0.000000000000000000e+00
0.000000000000000000e+00,0.000000000000000000e+00,0.000000000000000000e+00
0.000000000000000000e+00,0.000000000000000000e+00,0.000000000000000000e+00
0.000000000000000000e+00,0.000000000000000000e+00,0.000000000000000000e+00
0.000000000000000000e+00,0.000000000000000000e+00,0.000000000000000000e+00
0.000000000000000000e+00,0.000000000000000000e+00,0.000000000000000000e+00
0.000000000000000000e+00,0.000000000000000000e+00,0.000000000000000000e+00
0.000000000000000000e+00,0.000000000000000000e+00,0.000000000000000000e+00
0.000000000000000000e+00,0.000000000000000000e+00,0.000000000000000000e+00
0.000000000000000000e+00,0.000000000000000000e+00,0.000000000000000000e+00
